1,Eugena Robel,Angra dos Reis,Folk
David Bowie and The Spiders From Mars
79
8516
chicharrones
1,Eugena Robel,Peekskill,Funk
Living Colour
122
7000
Hello
1,Eugena Robel,Chassigny,Classical
Primus
195
3367
kickstarter
1,Eugena Robel,Middlesbrough,Jazz
The Carpenters
111
4839
disrupt
1,Eugena Robel,Abee,Soul
The Pretenders
157
7248
put a bird on it
1,Eugena Robel,Polonnaruwa,Rock
The Police
161
2604
photo booth
1,Eugena Robel,Sayh al Uhaymir 169,Funk
Blondie
232
4725
literally
1,Eugena Robel,Gao–Guenie,Stage And Screen
The Pretenders
90
7327
fingerstache
1,Eugena Robel,Novato,Hip Hop
Guns 'N Roses
279
6027
try-hard
1,Eugena Robel,Penouille,Country
Black Sabbath
227
7210
VHS
1,Eugena Robel,Abee,Classical
Audioslave
58
4036
pitchfork
1,Eugena Robel,Yamato 000593,World
Harold Melvin and the Blue Notes
167
439
put a bird on it
1,Eugena Robel,Oldenburg,Folk
The Doors
178
1855
single-origin coffee
1,Eugena Robel,Neuschwanstein,Hip Hop
Bon Jovi
266
9856
meggings
1,Eugena Robel,Yamato 791197,Non Music
Iron Maiden
77
2387
craft beer
1,Eugena Robel,Brahin,Latin
Pink Floyd
162
1885
hammock
1,Eugena Robel,Białystok,Non Music
The Beastie Boys
284
7134
aesthetic
1,Eugena Robel,Mundrabilla,Jazz
The Cure
61
7868
asymmetrical
1,Eugena Robel,Mundrabilla,Funk
Tool
118
2467
readymade
1,Eugena Robel,Cape York,Hip Hop
The Who
263
1554
tousled
1,Eugena Robel,Allan Hills 84001,Reggae
Bruce Springsteen & The E Street Band
71
4248
trust fund
1,Eugena Robel,Tagish Lake,Hip Hop
The Grateful Dead
92
8664
lomo
1,Eugena Robel,Winona,Rap
Traffic
138
5888
mumblecore
1,Eugena Robel,Karoonda,World
The Grateful Dead
262
3156
gentrify
1,Eugena Robel,Angers,Country
The Kinks
119
661
fingerstache
1,Eugena Robel,Veliky Ustyug,Stage And Screen
Buffalo Springfield
81
96
+1
1,Eugena Robel,Brachina,World
Blind Faith
69
6416
vegan
1,Eugena Robel,Anlong,Hip Hop
The Eagles
175
6915
vegan
1,Eugena Robel,Abee,Hip Hop
Crosby, Stills, Nash and Young
269
9708
small batch
1,Eugena Robel,D'Orbigny,Hip Hop
U2
34
3191
locavore
1,Eugena Robel,Muonionalusta,Pop
Crosby, Stills, Nash and Young
3
6808
DIY
1,Eugena Robel,Sutter's Mill,Soul
Sly and the Family Stone
108
4122
tote bag
1,Eugena Robel,Zaklodzie,Hip Hop
Queen
52
1036
portland
1,Eugena Robel,Millbillillie,Stage And Screen
Jethro Tull
49
4346
austin
1,Eugena Robel,Ourique,Hip Hop
Aerosmith
185
9467
vinegar
1,Eugena Robel,Chassigny,Reggae
Kansas
266
6873
pickled
1,Eugena Robel,Loreto,Stage And Screen
Aerosmith
169
7135
craft beer
1,Eugena Robel,Middlesbrough,World
The Carpenters
258
6566
VHS
1,Eugena Robel,D'Orbigny,Funk
Black Sabbath
77
3592
cold-pressed
1,Eugena Robel,Block Island,Funk
U2
11
8807
seitan
1,Eugena Robel,Chinga,Classical
Steely Dan
227
4909
sriracha
1,Eugena Robel,Norton County,World
R.E.M.
5
1785
humblebrag
1,Eugena Robel,High Possil,Rock
Black Sabbath
284
4025
drinking
2,Coleen Upton MD,Pavlovka,Folk
Duran Duran
69
8979
gastropub
2,Coleen Upton MD,Avanhandava,Blues
Crosby, Stills, Nash and Young
49
5530
kitsch
2,Coleen Upton MD,Allende,Pop
The Eagles
190
3351
chicharrones
2,Coleen Upton MD,Nantan,Non Music
James Brown and the JBs
250
1464
readymade
2,Coleen Upton MD,Willamette,Electronic
Isaac Hayes and the Movement
287
2135
kickstarter
2,Coleen Upton MD,Kaidun,Folk
The Kinks
131
5889
banh mi
2,Coleen Upton MD,Sikhote-Alin,Folk
Pearl Jam
32
3521
actually
2,Coleen Upton MD,Angers,Non Music
Sex Pistols
197
6669
flexitarian
2,Coleen Upton MD,Northwest Africa 7325,Jazz
Cream
71
3652
taxidermy
2,Coleen Upton MD,Willamette,Stage And Screen
The Doors
182
3472
kogi
2,Coleen Upton MD,Mundrabilla,Pop
Derek and the Dominos
244
3113
humblebrag
2,Coleen Upton MD,Gay Gulch,Jazz
The O'Jays
3
7004
hammock
2,Coleen Upton MD,Peekskill,Funk
Bruce Springsteen & The E Street Band
8
633
skateboard
2,Coleen Upton MD,Bench Crater,Blues
Foreigner
240
6027
vinyl
2,Coleen Upton MD,Pavlovka,Latin
Iron Maiden
112
5821
put a bird on it
2,Coleen Upton MD,Chelyabinsk,Reggae
The Jackson Five
206
6030
venmo
2,Coleen Upton MD,Novato,Soul
Metallica
282
8847
dreamcatcher
2,Coleen Upton MD,Omolon,Hip Hop
Queen
225
4715
Yuccie
2,Coleen Upton MD,Heat Shield Rock,Rap
AC/DC
211
3915
brooklyn
2,Coleen Upton MD,Tamdakht,Hip Hop
Led Zeppelin
77
8514
heirloom
2,Coleen Upton MD,Sulagiri,Country
Iron Maiden
249
5073
twee
2,Coleen Upton MD,Block Island,Jazz
Alice In Chains
184
1241
meggings
2,Coleen Upton MD,Carancas,Rap
Metallica
245
7476
trust fund
2,Coleen Upton MD,Angers,Reggae
Creedence Clearwater Revival
129
689
+1
2,Coleen Upton MD,Ornans,Soul
The Animals
34
4552
trust fund
2,Coleen Upton MD,Monte Milone,Rap
Guns 'N Roses
141
1485
biodiesel
2,Coleen Upton MD,Sylacauga,Latin
The O'Jays
213
1703
franzen
2,Coleen Upton MD,Mineo,Electronic
Rush
152
2828
bushwick
2,Coleen Upton MD,Monte Milone,Country
Pink Floyd
17
128
hammock
2,Coleen Upton MD,Coahuila,Rap
Rage Against The Machine
244
7891
wolf
2,Coleen Upton MD,Santa Rosa de Viterbo,Rap
Parliament Funkadelic
199
173
narwhal
2,Coleen Upton MD,Northwest Africa 3009,Electronic
Coldplay
105
7609
mlkshk
2,Coleen Upton MD,Nantan,Soul
Living Colour
154
2199
organic
2,Coleen Upton MD,Toluca,Folk
Kansas
192
5308
hammock
2,Coleen Upton MD,Karoonda,Rap
The Police
189
4379
shabby chic
2,Coleen Upton MD,Annaheim,Hip Hop
No Doubt
151
254
hammock
2,Coleen Upton MD,Cape York,World
Harold Melvin and the Blue Notes
271
1067
organic
2,Coleen Upton MD,Moss,World
Derek and the Dominos
273
7534
gentrify
2,Coleen Upton MD,Lac Dodon,Reggae
Blind Faith
161
2418
phlogiston
2,Coleen Upton MD,Ankober,Stage And Screen
The Kinks
153
8908
kinfolk
2,Coleen Upton MD,Albareto,Jazz
The Eagles
118
5793
vinyl
2,Coleen Upton MD,Hraschina,World
Traffic
136
4279
everyday
2,Coleen Upton MD,Sayh al Uhaymir 169,Pop
Rage Against The Machine
206
2162
pinterest
2,Coleen Upton MD,Lake Murray,Soul
Coldplay
156
6236
biodiesel
2,Coleen Upton MD,Penouille,Blues
Genesis
181
6159
paleo
3,Shirleen Shanahan IV,Mackinac Island,Stage And Screen
Steely Dan
51
5425
stumptown
3,Shirleen Shanahan IV,Mbozi,Soul
The Band
299
6020
photo booth
3,Shirleen Shanahan IV,Pallasovka,Rap
Alice In Chains
294
8681
pickled
3,Shirleen Shanahan IV,Claxton,Country
Steely Dan
162
9687
neutra
3,Shirleen Shanahan IV,Yardymly,Hip Hop
The Eagles
214
6037
stumptown
3,Shirleen Shanahan IV,Gibeon,Rock
Earth Wind and Fire
82
2186
banjo
3,Shirleen Shanahan IV,Lake Murray,Rap
The Orb
276
8665
you probably haven't heard of them
3,Shirleen Shanahan IV,Lac Dodon,Country
Sex Pistols
60
1189
trust fund
3,Shirleen Shanahan IV,Zagami,Rap
Black Eyed Peas
246
1110
master
3,Shirleen Shanahan IV,Neuschwanstein,Soul
Journey
292
930
selfies
3,Shirleen Shanahan IV,Canyon Diablo,Non Music
The Kinks
215
4857
humblebrag
3,Shirleen Shanahan IV,Pultusk,Hip Hop
Boston
16
5395
selvage
3,Shirleen Shanahan IV,Millbillillie,Electronic
Little Feat
54
5670
quinoa
3,Shirleen Shanahan IV,Bench Crater,Rap
Radiohead
164
455
normcore
3,Shirleen Shanahan IV,Gancedo,Soul
Lynyrd Skynyrd
216
9785
tattooed
3,Shirleen Shanahan IV,Příbram,Country
The Clash
259
9852
etsy
3,Shirleen Shanahan IV,Bench Crater,Latin
David Bowie and The Spiders From Mars
226
42
artisan
3,Shirleen Shanahan IV,Canyon Diablo,Latin
The Grateful Dead
7
9897
XOXO
3,Shirleen Shanahan IV,Bellsbank,World
The Kinks
106
9407
chicharrones
3,Shirleen Shanahan IV,Kainsaz,Jazz
Pink Floyd
169
2984
banjo
3,Shirleen Shanahan IV,Stannern,Latin
The Talking Heads
283
5960
goth
3,Shirleen Shanahan IV,Atoka,Electronic
Frank Zappa and the Mothers of Invention
79
563
pour-over
3,Shirleen Shanahan IV,Eagle Station,Folk
Nirvana
103
403
everyday
3,Shirleen Shanahan IV,Pavlovka,Hip Hop
Bruce Springsteen & The E Street Band
165
2106
raw denim
3,Shirleen Shanahan IV,Shergotty,Reggae
The Roots
238
4417
seitan
3,Shirleen Shanahan IV,Chassigny,Pop
Pearl Jam
101
7760
photo booth
3,Shirleen Shanahan IV,Krasnojarsk,Pop
Guns 'N Roses
111
5773
vinegar
3,Shirleen Shanahan IV,Gancedo,Blues
David Bowie and The Spiders From Mars
61
8903
chillwave
3,Shirleen Shanahan IV,Mundrabilla,Hip Hop
Motorhead
12
4023
leggings
3,Shirleen Shanahan IV,Osseo,Country
Black Eyed Peas
86
2591
iPhone
3,Shirleen Shanahan IV,Mackinac Island,Classical
Cream
288
8788
kogi
3,Shirleen Shanahan IV,Claxton,Classical
King Crimson
9
3036
celiac
3,Shirleen Shanahan IV,Orgueil,Blues
Bruce Springsteen & The E Street Band
269
1192
austin
3,Shirleen Shanahan IV,Brachina,Soul
Duran Duran
249
5664
wolf
3,Shirleen Shanahan IV,Toluca,Stage And Screen
Pink Floyd
225
7848
dreamcatcher
3,Shirleen Shanahan IV,Muonionalusta,Soul
No Doubt
37
7050
butcher
3,Shirleen Shanahan IV,Angra dos Reis,Non Music
Kansas
257
5917
venmo
3,Shirleen Shanahan IV,Seymchan,Reggae
Creedence Clearwater Revival
235
7109
tofu
3,Shirleen Shanahan IV,Toluca,Folk
The Scorpions
136
7259
tattooed
3,Shirleen Shanahan IV,Ensisheim,Latin
Motley Crue
243
8233
semiotics
3,Shirleen Shanahan IV,Aarhus,Pop
The Clash
295
9443
neutra
3,Shirleen Shanahan IV,Adelie Land,Country
Judas Priest
68
9825
loko
3,Shirleen Shanahan IV,Moss,Blues
Yes
38
1489
listicle
3,Shirleen Shanahan IV,Białystok,Funk
Traffic
199
5599
cronut
3,Shirleen Shanahan IV,Buzzard Coulee,Blues
Rush
109
2613
vegan
2,Coleen Upton MD,Take,funky
A-Ha
19
97
small batch
1,Eugena Robel,TestSong,funk
Me
197
1351
sriracha
1,Eugena Robel,Rene,Funk
German
242
1285
post-ironic
